,header_count,close_bracket_count,open_bracket_count,double_count,btn-inactive_count,btn-orange_count,quadruple_count,small-title_count,btn-red_count,row_count,single_count,btn-active_count,btn-green_count,text_count,comma_count,START_count,END_count
accuracy,1.0,0.9940740740740741,0.9944444444444445,0.9977777777777778,0.9948148148148148,0.997037037037037,0.9933333333333333,0.9955555555555555,0.9948148148148148,0.9985185185185185,0.9977777777777778,1.0,0.9962962962962963,0.9955555555555555,0.9907407407407407,1.0,1.0
